0,https://www.google.com/search?q=pokimane+dick+pics,pokimane+dick+pics
1,https://www.masturflix.com/videos/11741/pokiman-shows-a-dick-pic-on-stream/,Pokiman Shows a Dick Pic on Stream
2,https://www.pornhub.com/video/search?search=pokimane+dick+pic,Pokimane Dick Pic Porn Videos | Pornhub.com
3,https://www.analibiza.com/videos/131703/pokiman-shows-a-dick-pic-on-stream/,Pokiman Shows a Dick Pic on Stream
4,https://www.reddit.com/r/LivestreamFail/comments/70ro2k/poki_shows_a_dick_pic_on_stream/,Poki shows a dick pic on stream : r/LivestreamFail
5,https://www.multi.xxx/videos/77626/pokiman-shows-a-dick-pic-on-stream/,Pokiman Shows a Dick Pic on Stream - multi.xxx
6,https://www.youtube.com/watch?v=H0cKESEYT0w,Pokimane Opened a Dick Pic on Stream
7,https://shooshtime.com/videos/182273/pokimane-shows-a-dick-pic-on-live-stream/,Pokimane Shows a Dick Pic on Live Stream
8,https://eroticphotos.me/photos-3gk/,Pokimane dick pic - Erotic photos
9,https://amateurs-gone-wild.me/gal/pokimane-dick-pic/,Pokimane dick pic
