0,https://www.google.com/search?q=military+recurting+shortfalls,military+recurting+shortfalls
1,https://www.cfr.org/blog/presidents-inbox-recap-us-military-recruiting-crisis,The President's Inbox Recap: The U.S. Military Recruiting ...
2,https://spectrumlocalnews.com/tx/south-texas-el-paso/news/2023/04/25/us-military-recruiting-struggles,U.S. military recruiting expects shortfalls in FY 2023
3,https://spectrumlocalnews.com/tx/south-texas-el-paso/news/2023/04/25/us-military-recruiting-struggles,U.S. military recruiting expects shortfalls in FY 2023
4,https://warontherocks.com/2023/03/addressing-the-u-s-military-recruiting-crisis/,Addressing the U.S. Military Recruiting Crisis
5,https://www.militarytimes.com/news/your-military/2023/04/19/army-navy-and-air-force-predict-recruiting-shortfalls-this-year/,"Army, Navy and Air Force predict recruiting shortfalls this year"
6,https://www.heritage.org/defense/commentary/the-military-recruiting-crisis-getting-worse,The Military Recruiting Crisis Is Getting Worse
7,https://www.defense.gov/News/News-Stories/Article/Article/3369472/vice-chiefs-talk-recruiting-shortfalls-readiness-issues/,"Vice Chiefs Talk Recruiting Shortfalls, Readiness Issues"
8,https://www.newsnationnow.com/us-news/military/military-struggles-recruiting-shortfalls/,US military struggles to overcome recruiting shortfalls
9,https://www.nbcnews.com/news/military/every-branch-us-military-struggling-meet-2022-recruiting-goals-officia-rcna35078,Every branch of the military is struggling to make its 2022 ...
10,https://www.military.com/daily-news/2023/05/02/we-are-going-fall-short-army-will-miss-its-recruiting-goal-year.html,Army Expects to Miss Its Recruiting Goal Again This Year
