0,https://www.google.com/search?q=who+are+the+twitch+senior+management+team,who+are+the+twitch+senior+management+team
1,https://www.jobsage.com/companies/leadership/twitch,Twitch CEO and Leadership Team
2,https://rocketreach.co/twitch-management_b5e57e1bf42e6037,Twitch Management Team | Org Chart - RocketReach
3,https://www.comparably.com/companies/twitch-interactive/executive-team,Twitch Interactive Executive Team
4,https://theorg.com/org/twitch/teams/leadership-team,Twitch's Leadership Team - Team members and org chart
5,https://craft.co/twitch/executives,Twitch CEO and key executive team
6,https://www.crunchbase.com/organization/twitch/people,"Twitch - Contacts, Employees, Board Members, Advisors & ..."
7,https://www.cbinsights.com/company/justintv/people,"Twitch CEO, Founder, Key Executive Team, Board of ..."
8,https://www.zippia.com/twitch-interactive-careers-1461889/executives/,Twitch CEO And Leadership: Executives and Demographics
9,https://www.theinformation.com/articles/the-people-in-power-at-twitch-after-executive-departures-and-a-cut-in-streamer-pay,The People in Power at Twitch After Executive Departures ...
