0,https://www.google.com/search?q=are+twitch+streamers+criminals,are+twitch+streamers+criminals
1,https://www.reddit.com/r/Twitch/comments/b9sqly/does_twitch_allow_convicted_criminals_to_stream/,Does twitch allow convicted criminals to stream?
2,https://www.washingtonpost.com/video-games/2022/01/11/twitch-bit-money-laundering-turkey-police/,Twitch streamer money laundering scheme results in ...
3,https://www.dexerto.com/entertainment/twitch-exec-hits-back-at-youtube-for-copied-streaming-features-after-hype-chat-addition-2187689/,What does swatted mean? The dangerous crime targeting ...
4,https://www.shacknews.com/article/126766/how-creators-are-reshaping-the-true-crime-experience-for-twitch-and-youtube,How creators are reshaping the True Crime experience for ...
5,https://www.youtube.com/watch?v=ihhgZlD5Uuo,Actual Crimes Streamed on Twitch - YouTube
6,https://www.nickiswift.com/227442/streamers-you-never-knew-went-to-jail/,Streamers You Never Knew Went To Jail
7,https://www.nytimes.com/2022/07/29/technology/twitch-stalking.html,How Streaming Stars Pay the Price of Online Fame
8,https://safety.twitch.tv/s/article/Preventing-Doxxing-Swatting-and-other-IRL-Harm?language=en_US,"Preventing Doxxing, Swatting and other IRL Harm"
9,https://www.tubefilter.com/2023/04/11/streamers-on-the-rise-bigbossboze/,How Ericka Bozeman became Twitch's true crime queen
