0,https://www.google.com/search?q=Twitch+scams+exposed,Twitch+scams+exposed
1,https://www.wired.com/story/kitboga-twitch-streams-coronavirus-scams/,A Twitch Streamer Is Exposing Coronavirus Scams Live
2,https://en.wikipedia.org/wiki/Kitboga_(streamer),Kitboga (streamer)
3,https://m.twitch.tv/videos/1655723943,ISHOWSPEED EXPOSED FOR CYPTO SCAM - nextbigceo
4,https://www.rollingstone.com/culture/culture-news/twitch-gambling-ban-sliker-debt-rehab-1234596040/,Ban Gambling on Twitch?: $300000 Streamer Scam Fuels ...
5,https://www.dexerto.com/entertainment/sliker-now-permanently-banned-on-twitch-weeks-after-returning-from-scam-controversy-2053979/,Twitch partner SlikeR accused of 'scamming' fans and ...
6,https://www.middleeasteye.net/news/turkey-twitch-money-laundering-fraud,Turkey: Hackers allegedly used streaming platform Twitch ...
7,https://www.washingtonpost.com/video-games/2022/01/11/twitch-bit-money-laundering-turkey-police/,Twitch streamer money laundering scheme results in ...
8,https://www.youtube.com/watch?v=fWyXM_yCVAk,"Veibae Suspended, Alleged VTuber Scammer Exposed, ..."
9,https://www.jaxon.gg/streamers-react-to-slickers-scam-gambling-addiction/,Streamers react to Sliker's scam & gambling addiction
10,https://www.dailysabah.com/business/tech/twitch-urged-to-act-as-money-laundering-scandal-in-turkey-exposed,Twitch urged to act as money laundering scandal in Turkey ...
