0,https://www.google.com/search?q=xqc+illegal+gambling+twitch,xqc+illegal+gambling+twitch
1,https://www.dexerto.com/entertainment/xqc-hits-back-after-pokimane-says-she-wouldnt-join-kick-over-morals-2186274/,xQc admits Twitch gambling was “wrong” but won't fake ...
2,https://www.thegamer.com/xqc-divorce-gambling-ban/,xQc May Be Banned From Gambling During Divorce ...
3,https://gamerant.com/xqc-against-twitch-gambling-streams/,xQc Speaks Out Against Thriving Twitch Gambling Streams ...
4,https://win.gg/news/xqc-slams-twitchs-gambling-ban-says-its-bigger-than-ever-in-2023/,"xQc slams Twitch's gambling ban, says it's bigger than ever ..."
5,https://videogames.si.com/news/xqc-neymar-twitch-gambling,xQc slams Neymar gambling Twitch stream
6,https://www.youtube.com/watch?v=9sYP0eKr-Ew,Twitch BANNED Gambling while xQc & Hasan Go Off On Each ...
7,https://sigma.world/news/neymar-vs-xqc-fairness-of-twitch-gambling-moderation-questioned/,Neymar vs xQc: Fairness of Twitch gambling moderation ...
8,https://www.sportskeeda.com/esports/news-gamba-big-bigger-xqc-voices-displeasure-twitch-banning-gambling-related-content,"""Gamba is as big, if not bigger"" - xQc voices displeasure ..."
9,https://www.washingtonpost.com/video-games/2022/09/21/twitch-gambling-ban-pokimane-mizkif-xqc/,"Twitch cracks down on gambling, but streamers aren't sure ..."
