0,https://www.google.com/search?q=Twitch+fraud+investigations,Twitch+fraud+investigations
1,https://www.washingtonpost.com/video-games/2022/01/11/twitch-bit-money-laundering-turkey-police/,Twitch streamer money laundering scheme results in ...
2,https://www.dailysabah.com/turkey/investigations/new-wave-of-operations-on-twitch-fraud-nets-18-in-turkey,New wave of operations on Twitch fraud nets 18 in Turkey
3,https://www.dailysabah.com/turkey/investigations/new-wave-of-operations-on-twitch-fraud-nets-18-in-turkey,New wave of operations on Twitch fraud nets 18 in Turkey
4,https://www.pcgamer.com/twitch-money-laundering-scheme-triggers-call-for-investigation-from-turkish-politician/,Money-laundering on Twitch triggers call for investigation ...
5,https://gamerant.com/pokimane-twitch-not-leaving-kick-explanation/,18 Arrested in Twitch Money Laundering Scandal
6,https://safety.twitch.tv/s/article/Filing-a-Report?language=en_US,Filing a Report
7,https://www.formica.ai/blog/latest-example-of-the-importance-of-fraud-detection-2021-twitch-scandal,Latest Example of the Importance of Fraud Detection: 2021 ...
8,https://www.esports.com/en/40-people-arrested-by-turkish-police-following-investigation-into-twitch-money-laundering-scam-311014,40 people arrested by Turkish police following ...
9,https://thenextweb.com/news/twitch-ban-streamer-fraud-subscribers,"Twitch bans, then unbans streamer after accusing him of ..."
10,https://www.hurriyetdailynews.com/nearly-20-suspects-nabbed-for-money-laundering-over-twitch-173846,Nearly 20 suspects nabbed for money laundering over Twitch
