0,https://www.google.com/search?q=Twitch+streamer+fraud+allegations,Twitch+streamer+fraud+allegations
1,https://www.theverge.com/2022/9/20/23363760/mizkif-trainwreckstv-sexual-harassment-twitch-adrianahlee,Twitch streamer involved in gambling saga now embroiled ...
2,https://gamerant.com/xqc-kick-staff-policies-defiance/,Twitch Streamer Sliker Responds to Scamming Accusations
3,https://www.washingtonpost.com/video-games/2022/01/11/twitch-bit-money-laundering-turkey-police/,Twitch streamer money laundering scheme results in ...
4,https://win.gg/news/40-streamers-arrested-in-twitch-money-laundering-scam/,40 streamers arrested in Twitch money laundering scam
5,https://www.reddit.com/r/StreamersCheating/comments/wrsej9/class_action_against_twitch_forcing_liability_to/,"Class Action against Twitch, forcing liability to streamer ..."
6,https://www.sportskeeda.com/esports/news-where-100k-twitch-streamer-keffals-faces-scam-allegations-revealing-drug-addiction-since-starting-gofundme-campaign-last-year,"""Where is $100K?"": Twitch streamer Keffals faces scam ..."
7,https://www.rollingstone.com/culture/culture-news/twitch-gambling-ban-sliker-debt-rehab-1234596040/,Ban Gambling on Twitch?: $300000 Streamer Scam Fuels ...
8,https://www.gamesindustry.biz/twitch-streamer-sliker-admits-to-200000-gambling-scam,Twitch streamer Sliker admits to $200000 gambling scam
9,https://esports.gg/news/streamers/the-sliker-twitch-drama-twitch-gambling-ban-campaign-primer-overview-updates/,"The Sliker Twitch drama, Mizkif Allegations, Trainwreck ..."
10,https://www.buzzfeednews.com/article/kelseyweekman/twitch-week-gambling-rev-share-scam-creator-allegations,Twitch Had An Especially Wild Week
